Benchmark;Size;Score (ns/op)
"testAdd";10000;28474.761086576367
"testAdd";20000;49935.427067792174
"testAdd";30000;65704.83841076058
"testAdd";40000;87692.43544806723
"testAdd";50000;109549.86281445374
"testAdd";60000;131861.18939173422
"testAdd";70000;153709.4052013618
"testAdd";80000;175907.679963633
"testAdd";90000;200386.31767937358
"testAdd";100000;226031.99217812886
"testAddAll";10000;32830.062573318646
"testAddAll";20000;57964.035753593475
"testAddAll";30000;73216.2656431725
"testAddAll";40000;92307.8492225775
"testAddAll";50000;108601.99670730745
"testAddAll";60000;129525.82567848293
"testAddAll";70000;150689.94125331356
"testAddAll";80000;172404.01263914656
"testAddAll";90000;193910.56163424044
"testAddAll";100000;215482.7791297122
"testClear";10000;34348.00987616252
"testClear";20000;56912.336065008574
"testClear";30000;72283.75609060156
"testClear";40000;91269.58814190261
"testClear";50000;108807.14959657125
"testClear";60000;130232.6972132047
"testClear";70000;151828.9235373799
"testClear";80000;173897.97943826468
"testClear";90000;195625.96054567886
"testClear";100000;218787.26827904978
"testConstructorCapacity";10000;14.709722665211052
"testConstructorCapacity";20000;14.907535865742204
"testConstructorCapacity";30000;15.416674101680357
"testConstructorCapacity";40000;19.706835576613287
"testConstructorCapacity";50000;23.547006388583316
"testConstructorCapacity";60000;24.850870935135127
"testConstructorCapacity";70000;25.036590197577503
"testConstructorCapacity";80000;29.326504598708453
"testConstructorCapacity";90000;36.506151183978496
"testConstructorCapacity";100000;30.77885771670258
"testConstructorCollection";10000;34629.6456529417
"testConstructorCollection";20000;53828.345725827465
"testConstructorCollection";30000;75895.0629347031
"testConstructorCollection";40000;101312.29684139928
"testConstructorCollection";50000;127026.69982151897
"testConstructorCollection";60000;153397.32086860426
"testConstructorCollection";70000;178819.91711923588
"testConstructorCollection";80000;206889.42091384294
"testConstructorCollection";90000;232317.2584280072
"testConstructorCollection";100000;258111.27080264135
"testConstructorDefault";10000;16.81248264615854
"testConstructorDefault";20000;14.770925496900858
"testConstructorDefault";30000;15.215956266222614
"testConstructorDefault";40000;18.601172311549288
"testConstructorDefault";50000;21.32716024992348
"testConstructorDefault";60000;25.406115190073244
"testConstructorDefault";70000;25.903733199755322
"testConstructorDefault";80000;28.59066221705071
"testConstructorDefault";90000;33.119067575804806
"testConstructorDefault";100000;37.74259948000032
"testContains";10000;11800.131359845676
"testContains";20000;21932.879887175528
"testContains";30000;31554.681911580286
"testContains";40000;41203.122442409884
"testContains";50000;51398.659312121505
"testContains";60000;61650.33940555336
"testContains";70000;71820.40524123177
"testContains";80000;82350.65586584489
"testContains";90000;93133.61982284416
"testContains";100000;102671.12528983872
"testContainsAll";10000;90977.86470199928
"testContainsAll";20000;175569.6823189113
"testContainsAll";30000;294891.3115287113
"testContainsAll";40000;349415.6215051377
"testContainsAll";50000;507838.089004943
"testContainsAll";60000;592994.6124831932
"testContainsAll";70000;672637.1333760576
"testContainsAll";80000;743662.7936840616
"testContainsAll";90000;831623.7666902367
"testContainsAll";100000;1046612.0294532204
"testElement";10000;13.889301300729766
"testElement";20000;14.354535832151004
"testElement";30000;14.784883676931338
"testElement";40000;17.500753718253257
"testElement";50000;20.380591176556496
"testElement";60000;26.09918626703485
"testElement";70000;28.625088456504596
"testElement";80000;32.85042130644122
"testElement";90000;31.135390191040436
"testElement";100000;33.05507180264937
"testIsEmpty";10000;14.41958936412054
"testIsEmpty";20000;14.639466562488966
"testIsEmpty";30000;14.816922874980426
"testIsEmpty";40000;18.20409479604258
"testIsEmpty";50000;21.94839682141497
"testIsEmpty";60000;25.021051760750595
"testIsEmpty";70000;29.53422355656361
"testIsEmpty";80000;28.79638441475381
"testIsEmpty";90000;30.707545765359708
"testIsEmpty";100000;29.157321554625213
"testIterator";10000;21692.28922602669
"testIterator";20000;37427.30336503561
"testIterator";30000;46650.32052978717
"testIterator";40000;56844.357734608486
"testIterator";50000;71027.42496081724
"testIterator";60000;84647.09217387877
"testIterator";70000;97250.45798439423
"testIterator";80000;112329.73771176855
"testIterator";90000;126496.92299966833
"testIterator";100000;140864.86073489545
"testOffer";10000;28651.35972540838
"testOffer";20000;50198.715589203945
"testOffer";30000;65311.52330187762
"testOffer";40000;92011.4625544995
"testOffer";50000;118468.55421325404
"testOffer";60000;146291.13071175897
"testOffer";70000;172069.46009411605
"testOffer";80000;193943.17660335312
"testOffer";90000;221149.63245326848
"testOffer";100000;248053.23611921555
"testPeek";10000;14.826081643066852
"testPeek";20000;15.373889260944853
"testPeek";30000;16.46500824987124
"testPeek";40000;20.100733669913385
"testPeek";50000;22.920756727105932
"testPeek";60000;24.961224303583297
"testPeek";70000;28.653034606949312
"testPeek";80000;32.64734859421739
"testPeek";90000;39.68444113802995
"testPeek";100000;33.0195369790737
"testPoll";10000;36134.48236124888
"testPoll";20000;57932.28822334255
"testPoll";30000;74906.82328759509
"testPoll";40000;95476.91912293661
"testPoll";50000;114348.34908470153
"testPoll";60000;137553.0172687532
"testPoll";70000;161262.9679218189
"testPoll";80000;184023.72047750495
"testPoll";90000;207160.3447851657
"testPoll";100000;232113.4908227907
"testRemoveAll";10000;83367.85388523579
"testRemoveAll";20000;158494.91364276837
"testRemoveAll";30000;238545.0663317538
"testRemoveAll";40000;301571.2282425892
"testRemoveAll";50000;374811.61541194026
"testRemoveAll";60000;455998.7112264348
"testRemoveAll";70000;548791.2013694015
"testRemoveAll";80000;651067.9140717452
"testRemoveAll";90000;721263.1466728235
"testRemoveAll";100000;799514.0690658161
"testRemoveHead";10000;32473.46533306943
"testRemoveHead";20000;56989.063519759264
"testRemoveHead";30000;75193.54401976246
"testRemoveHead";40000;95618.36635976251
"testRemoveHead";50000;114121.50496442858
"testRemoveHead";60000;138894.3827354534
"testRemoveHead";70000;161516.61343692266
"testRemoveHead";80000;185147.95138986685
"testRemoveHead";90000;207812.43309249726
"testRemoveHead";100000;231912.02411117527
"testRemoveObject";10000;46148.61848045062
"testRemoveObject";20000;73969.46973681488
"testRemoveObject";30000;99621.30980528987
"testRemoveObject";40000;132827.6064456816
"testRemoveObject";50000;168520.8112635789
"testRemoveObject";60000;200823.11399837094
"testRemoveObject";70000;233376.1955466425
"testRemoveObject";80000;269336.35179757344
"testRemoveObject";90000;295146.6397051329
"testRemoveObject";100000;331382.1494667257
"testRetainAll";10000;91806.60463317733
"testRetainAll";20000;162838.02283580243
"testRetainAll";30000;244015.1623626332
"testRetainAll";40000;318809.34050893784
"testRetainAll";50000;410257.31582655
"testRetainAll";60000;496181.71078874107
"testRetainAll";70000;579754.0659473285
"testRetainAll";80000;662864.3042717591
"testRetainAll";90000;766352.651455501
"testRetainAll";100000;815569.2781059147
"testSize";10000;14.262580534776458
"testSize";20000;14.816420342043347
"testSize";30000;15.128051123141418
"testSize";40000;19.23254110899419
"testSize";50000;22.09183634675228
"testSize";60000;25.676259575793477
"testSize";70000;27.47538201439047
"testSize";80000;30.599758931758185
"testSize";90000;30.930448051453034
"testSize";100000;31.14615317446112
"testToArray";10000;12662.175397474757
"testToArray";20000;25474.248836556355
"testToArray";30000;38552.168686408964
"testToArray";40000;51569.98461533697
"testToArray";50000;66571.40221978464
"testToArray";60000;79746.62527340685
"testToArray";70000;88178.11147031805
"testToArray";80000;100880.52922337726
"testToArray";90000;118014.76371338291
"testToArray";100000;130396.44328026629
"testToArrayWithType";10000;15548.207180481873
"testToArrayWithType";20000;30894.73768918527
"testToArrayWithType";30000;44834.36408503686
"testToArrayWithType";40000;57277.539090415245
"testToArrayWithType";50000;74042.5068074435
"testToArrayWithType";60000;86429.37509218598
"testToArrayWithType";70000;103620.00956458694
"testToArrayWithType";80000;113728.16881606824
"testToArrayWithType";90000;128765.35522326145
"testToArrayWithType";100000;143947.95893794266
"testToString";10000;158130.5467875713
"testToString";20000;358160.32760228065
"testToString";30000;506848.0899740077
"testToString";40000;638105.204319059
"testToString";50000;811423.5709944483
"testToString";60000;1012445.2109506136
"testToString";70000;1151706.5791574651
"testToString";80000;1230154.9801606033
"testToString";90000;1461013.5522004205
"testToString";100000;1744670.8481374956
