"Benchmark","Mode","Threads","Samples","Score","Score Error (99.9%)","Unit","Param: size"
"customqueuev2.CustomQueueBenchmark.testAdd","avgt",1,3,23035.973002,6169.568120,"ns/op",10000
"customqueuev2.CustomQueueBenchmark.testAdd","avgt",1,3,50455.272055,117027.870630,"ns/op",20000
"customqueuev2.CustomQueueBenchmark.testAdd","avgt",1,3,71162.615249,77562.725771,"ns/op",30000
"customqueuev2.CustomQueueBenchmark.testAdd","avgt",1,3,95082.329174,207267.584851,"ns/op",40000
"customqueuev2.CustomQueueBenchmark.testAdd","avgt",1,3,113150.632314,11410.724840,"ns/op",50000
"customqueuev2.CustomQueueBenchmark.testAdd","avgt",1,3,143726.195918,205541.091794,"ns/op",60000
"customqueuev2.CustomQueueBenchmark.testAdd","avgt",1,3,158744.104602,200192.804600,"ns/op",70000
"customqueuev2.CustomQueueBenchmark.testAdd","avgt",1,3,188431.455756,248090.387162,"ns/op",80000
"customqueuev2.CustomQueueBenchmark.testAdd","avgt",1,3,216521.299077,230862.908500,"ns/op",90000
"customqueuev2.CustomQueueBenchmark.testAdd","avgt",1,3,224797.850516,14589.474703,"ns/op",100000
"customqueuev2.CustomQueueBenchmark.testAddAll","avgt",1,3,22231.819998,367.975649,"ns/op",10000
"customqueuev2.CustomQueueBenchmark.testAddAll","avgt",1,3,43545.475379,5569.975797,"ns/op",20000
"customqueuev2.CustomQueueBenchmark.testAddAll","avgt",1,3,64519.197416,2882.925722,"ns/op",30000
"customqueuev2.CustomQueueBenchmark.testAddAll","avgt",1,3,91564.863121,95926.243789,"ns/op",40000
"customqueuev2.CustomQueueBenchmark.testAddAll","avgt",1,3,120970.602419,211535.085187,"ns/op",50000
"customqueuev2.CustomQueueBenchmark.testAddAll","avgt",1,3,148934.300883,310998.299367,"ns/op",60000
"customqueuev2.CustomQueueBenchmark.testAddAll","avgt",1,3,182058.435293,373913.515248,"ns/op",70000
"customqueuev2.CustomQueueBenchmark.testAddAll","avgt",1,3,219891.380083,108182.048254,"ns/op",80000
"customqueuev2.CustomQueueBenchmark.testAddAll","avgt",1,3,249449.481193,43941.418480,"ns/op",90000
"customqueuev2.CustomQueueBenchmark.testAddAll","avgt",1,3,305148.652552,595823.679339,"ns/op",100000
"customqueuev2.CustomQueueBenchmark.testClear","avgt",1,3,23589.316172,34984.671398,"ns/op",10000
"customqueuev2.CustomQueueBenchmark.testClear","avgt",1,3,44157.071765,7214.553907,"ns/op",20000
"customqueuev2.CustomQueueBenchmark.testClear","avgt",1,3,66396.560951,27687.784895,"ns/op",30000
"customqueuev2.CustomQueueBenchmark.testClear","avgt",1,3,90016.863358,96335.010247,"ns/op",40000
"customqueuev2.CustomQueueBenchmark.testClear","avgt",1,3,120887.769390,199882.849706,"ns/op",50000
"customqueuev2.CustomQueueBenchmark.testClear","avgt",1,3,144753.908822,199452.146551,"ns/op",60000
"customqueuev2.CustomQueueBenchmark.testClear","avgt",1,3,175346.833015,244482.509981,"ns/op",70000
"customqueuev2.CustomQueueBenchmark.testClear","avgt",1,3,207887.308857,84130.998402,"ns/op",80000
"customqueuev2.CustomQueueBenchmark.testClear","avgt",1,3,233410.398406,139443.001877,"ns/op",90000
"customqueuev2.CustomQueueBenchmark.testClear","avgt",1,3,275504.328214,458794.002374,"ns/op",100000
"customqueuev2.CustomQueueBenchmark.testConstructorCapacity","avgt",1,3,30.539359,152.585259,"ns/op",10000
"customqueuev2.CustomQueueBenchmark.testConstructorCapacity","avgt",1,3,33.655287,61.850422,"ns/op",20000
"customqueuev2.CustomQueueBenchmark.testConstructorCapacity","avgt",1,3,80.016709,812.841414,"ns/op",30000
"customqueuev2.CustomQueueBenchmark.testConstructorCapacity","avgt",1,3,67.101500,631.780354,"ns/op",40000
"customqueuev2.CustomQueueBenchmark.testConstructorCapacity","avgt",1,3,34.717755,42.981591,"ns/op",50000
"customqueuev2.CustomQueueBenchmark.testConstructorCapacity","avgt",1,3,32.492233,100.939589,"ns/op",60000
"customqueuev2.CustomQueueBenchmark.testConstructorCapacity","avgt",1,3,33.103134,179.441393,"ns/op",70000
"customqueuev2.CustomQueueBenchmark.testConstructorCapacity","avgt",1,3,46.135272,342.168845,"ns/op",80000
"customqueuev2.CustomQueueBenchmark.testConstructorCapacity","avgt",1,3,31.897355,80.429478,"ns/op",90000
"customqueuev2.CustomQueueBenchmark.testConstructorCapacity","avgt",1,3,44.524250,203.237821,"ns/op",100000
"customqueuev2.CustomQueueBenchmark.testConstructorCollection","avgt",1,3,25629.579121,1398.130210,"ns/op",10000
"customqueuev2.CustomQueueBenchmark.testConstructorCollection","avgt",1,3,53082.764555,13140.107226,"ns/op",20000
"customqueuev2.CustomQueueBenchmark.testConstructorCollection","avgt",1,3,76338.331059,7523.693321,"ns/op",30000
"customqueuev2.CustomQueueBenchmark.testConstructorCollection","avgt",1,3,103396.936232,21228.879874,"ns/op",40000
"customqueuev2.CustomQueueBenchmark.testConstructorCollection","avgt",1,3,129512.202231,5647.342373,"ns/op",50000
"customqueuev2.CustomQueueBenchmark.testConstructorCollection","avgt",1,3,156178.087036,57262.509570,"ns/op",60000
"customqueuev2.CustomQueueBenchmark.testConstructorCollection","avgt",1,3,181096.132377,71620.652609,"ns/op",70000
"customqueuev2.CustomQueueBenchmark.testConstructorCollection","avgt",1,3,206784.138137,16794.493970,"ns/op",80000
"customqueuev2.CustomQueueBenchmark.testConstructorCollection","avgt",1,3,236171.336465,120511.379540,"ns/op",90000
"customqueuev2.CustomQueueBenchmark.testConstructorCollection","avgt",1,3,272551.801041,41128.585136,"ns/op",100000
"customqueuev2.CustomQueueBenchmark.testConstructorDefault","avgt",1,3,23.371429,138.740074,"ns/op",10000
"customqueuev2.CustomQueueBenchmark.testConstructorDefault","avgt",1,3,27.466904,11.152713,"ns/op",20000
"customqueuev2.CustomQueueBenchmark.testConstructorDefault","avgt",1,3,27.145960,20.267514,"ns/op",30000
"customqueuev2.CustomQueueBenchmark.testConstructorDefault","avgt",1,3,30.752608,101.613274,"ns/op",40000
"customqueuev2.CustomQueueBenchmark.testConstructorDefault","avgt",1,3,116.785314,1671.157232,"ns/op",50000
"customqueuev2.CustomQueueBenchmark.testConstructorDefault","avgt",1,3,41.882810,135.857950,"ns/op",60000
"customqueuev2.CustomQueueBenchmark.testConstructorDefault","avgt",1,3,33.680885,158.760895,"ns/op",70000
"customqueuev2.CustomQueueBenchmark.testConstructorDefault","avgt",1,3,32.661832,116.468795,"ns/op",80000
"customqueuev2.CustomQueueBenchmark.testConstructorDefault","avgt",1,3,57.684154,609.212530,"ns/op",90000
"customqueuev2.CustomQueueBenchmark.testConstructorDefault","avgt",1,3,30.902650,142.927732,"ns/op",100000
"customqueuev2.CustomQueueBenchmark.testContains","avgt",1,3,10676.072757,229.492370,"ns/op",10000
"customqueuev2.CustomQueueBenchmark.testContains","avgt",1,3,21016.782535,1354.953326,"ns/op",20000
"customqueuev2.CustomQueueBenchmark.testContains","avgt",1,3,31037.062659,844.433142,"ns/op",30000
"customqueuev2.CustomQueueBenchmark.testContains","avgt",1,3,41364.601086,1616.999526,"ns/op",40000
"customqueuev2.CustomQueueBenchmark.testContains","avgt",1,3,51791.610585,11698.506080,"ns/op",50000
"customqueuev2.CustomQueueBenchmark.testContains","avgt",1,3,62430.105634,13699.769701,"ns/op",60000
"customqueuev2.CustomQueueBenchmark.testContains","avgt",1,3,71130.303451,135.910284,"ns/op",70000
"customqueuev2.CustomQueueBenchmark.testContains","avgt",1,3,82900.332363,2473.657958,"ns/op",80000
"customqueuev2.CustomQueueBenchmark.testContains","avgt",1,3,92844.043084,25256.297380,"ns/op",90000
"customqueuev2.CustomQueueBenchmark.testContains","avgt",1,3,105523.545385,33359.610066,"ns/op",100000
"customqueuev2.CustomQueueBenchmark.testContainsAll","avgt",1,3,95794.536328,9747.817867,"ns/op",10000
"customqueuev2.CustomQueueBenchmark.testContainsAll","avgt",1,3,184918.323578,46444.976130,"ns/op",20000
"customqueuev2.CustomQueueBenchmark.testContainsAll","avgt",1,3,306061.410689,162769.769308,"ns/op",30000
"customqueuev2.CustomQueueBenchmark.testContainsAll","avgt",1,3,376164.401512,403401.544183,"ns/op",40000
"customqueuev2.CustomQueueBenchmark.testContainsAll","avgt",1,3,556857.475629,831633.428050,"ns/op",50000
"customqueuev2.CustomQueueBenchmark.testContainsAll","avgt",1,3,599298.268143,1930580.255676,"ns/op",60000
"customqueuev2.CustomQueueBenchmark.testContainsAll","avgt",1,3,618723.193094,446991.299127,"ns/op",70000
"customqueuev2.CustomQueueBenchmark.testContainsAll","avgt",1,3,707907.520552,985441.694864,"ns/op",80000
"customqueuev2.CustomQueueBenchmark.testContainsAll","avgt",1,3,791935.033980,997925.047155,"ns/op",90000
"customqueuev2.CustomQueueBenchmark.testContainsAll","avgt",1,3,994683.439746,1083320.144425,"ns/op",100000
"customqueuev2.CustomQueueBenchmark.testElement","avgt",1,3,22.688487,156.852339,"ns/op",10000
"customqueuev2.CustomQueueBenchmark.testElement","avgt",1,3,30.003334,11.372606,"ns/op",20000
"customqueuev2.CustomQueueBenchmark.testElement","avgt",1,3,29.311032,18.684650,"ns/op",30000
"customqueuev2.CustomQueueBenchmark.testElement","avgt",1,3,38.819417,261.689444,"ns/op",40000
"customqueuev2.CustomQueueBenchmark.testElement","avgt",1,3,33.143297,92.528288,"ns/op",50000
"customqueuev2.CustomQueueBenchmark.testElement","avgt",1,3,37.584539,150.305297,"ns/op",60000
"customqueuev2.CustomQueueBenchmark.testElement","avgt",1,3,34.353491,100.021637,"ns/op",70000
"customqueuev2.CustomQueueBenchmark.testElement","avgt",1,3,42.647874,201.422237,"ns/op",80000
"customqueuev2.CustomQueueBenchmark.testElement","avgt",1,3,47.374247,296.970586,"ns/op",90000
"customqueuev2.CustomQueueBenchmark.testElement","avgt",1,3,54.546348,442.603898,"ns/op",100000
"customqueuev2.CustomQueueBenchmark.testIsEmpty","avgt",1,3,22.771940,112.895456,"ns/op",10000
"customqueuev2.CustomQueueBenchmark.testIsEmpty","avgt",1,3,30.491520,42.618832,"ns/op",20000
"customqueuev2.CustomQueueBenchmark.testIsEmpty","avgt",1,3,28.607470,7.857137,"ns/op",30000
"customqueuev2.CustomQueueBenchmark.testIsEmpty","avgt",1,3,30.152290,8.301854,"ns/op",40000
"customqueuev2.CustomQueueBenchmark.testIsEmpty","avgt",1,3,29.144302,19.223538,"ns/op",50000
"customqueuev2.CustomQueueBenchmark.testIsEmpty","avgt",1,3,37.424320,137.029688,"ns/op",60000
"customqueuev2.CustomQueueBenchmark.testIsEmpty","avgt",1,3,36.081673,115.183553,"ns/op",70000
"customqueuev2.CustomQueueBenchmark.testIsEmpty","avgt",1,3,38.479036,217.093218,"ns/op",80000
"customqueuev2.CustomQueueBenchmark.testIsEmpty","avgt",1,3,39.800633,304.817562,"ns/op",90000
"customqueuev2.CustomQueueBenchmark.testIsEmpty","avgt",1,3,45.029107,145.764872,"ns/op",100000
"customqueuev2.CustomQueueBenchmark.testIterator","avgt",1,3,17836.534833,1021.524582,"ns/op",10000
"customqueuev2.CustomQueueBenchmark.testIterator","avgt",1,3,32556.879960,3468.900330,"ns/op",20000
"customqueuev2.CustomQueueBenchmark.testIterator","avgt",1,3,47643.360210,7036.388896,"ns/op",30000
"customqueuev2.CustomQueueBenchmark.testIterator","avgt",1,3,60300.392188,16521.842717,"ns/op",40000
"customqueuev2.CustomQueueBenchmark.testIterator","avgt",1,3,75711.176253,44978.400125,"ns/op",50000
"customqueuev2.CustomQueueBenchmark.testIterator","avgt",1,3,88795.824565,10416.151114,"ns/op",60000
"customqueuev2.CustomQueueBenchmark.testIterator","avgt",1,3,100894.558741,45356.509616,"ns/op",70000
"customqueuev2.CustomQueueBenchmark.testIterator","avgt",1,3,115755.206540,19162.167426,"ns/op",80000
"customqueuev2.CustomQueueBenchmark.testIterator","avgt",1,3,131088.078793,9393.939733,"ns/op",90000
"customqueuev2.CustomQueueBenchmark.testIterator","avgt",1,3,146813.846896,12605.872682,"ns/op",100000
"customqueuev2.CustomQueueBenchmark.testOffer","avgt",1,3,23459.674879,5374.913443,"ns/op",10000
"customqueuev2.CustomQueueBenchmark.testOffer","avgt",1,3,50857.802472,160115.347613,"ns/op",20000
"customqueuev2.CustomQueueBenchmark.testOffer","avgt",1,3,81212.155942,192633.496993,"ns/op",30000
"customqueuev2.CustomQueueBenchmark.testOffer","avgt",1,3,99645.507787,206564.123034,"ns/op",40000
"customqueuev2.CustomQueueBenchmark.testOffer","avgt",1,3,122452.882677,162606.139944,"ns/op",50000
"customqueuev2.CustomQueueBenchmark.testOffer","avgt",1,3,138384.335956,54804.403742,"ns/op",60000
"customqueuev2.CustomQueueBenchmark.testOffer","avgt",1,3,181821.223169,486823.212268,"ns/op",70000
"customqueuev2.CustomQueueBenchmark.testOffer","avgt",1,3,197893.328431,191437.320838,"ns/op",80000
"customqueuev2.CustomQueueBenchmark.testOffer","avgt",1,3,233952.924144,584536.890454,"ns/op",90000
"customqueuev2.CustomQueueBenchmark.testOffer","avgt",1,3,225822.545286,68592.853873,"ns/op",100000
"customqueuev2.CustomQueueBenchmark.testPeek","avgt",1,3,22.386161,135.317124,"ns/op",10000
"customqueuev2.CustomQueueBenchmark.testPeek","avgt",1,3,29.252944,2.231424,"ns/op",20000
"customqueuev2.CustomQueueBenchmark.testPeek","avgt",1,3,31.621222,8.256643,"ns/op",30000
"customqueuev2.CustomQueueBenchmark.testPeek","avgt",1,3,47.354579,306.788087,"ns/op",40000
"customqueuev2.CustomQueueBenchmark.testPeek","avgt",1,3,32.580541,31.681600,"ns/op",50000
"customqueuev2.CustomQueueBenchmark.testPeek","avgt",1,3,40.457991,93.518477,"ns/op",60000
"customqueuev2.CustomQueueBenchmark.testPeek","avgt",1,3,34.856129,208.589922,"ns/op",70000
"customqueuev2.CustomQueueBenchmark.testPeek","avgt",1,3,39.236528,135.182045,"ns/op",80000
"customqueuev2.CustomQueueBenchmark.testPeek","avgt",1,3,35.773491,166.322551,"ns/op",90000
"customqueuev2.CustomQueueBenchmark.testPeek","avgt",1,3,35.207187,132.108268,"ns/op",100000
"customqueuev2.CustomQueueBenchmark.testPoll","avgt",1,3,22418.585566,473.764426,"ns/op",10000
"customqueuev2.CustomQueueBenchmark.testPoll","avgt",1,3,43881.759767,10325.932559,"ns/op",20000
"customqueuev2.CustomQueueBenchmark.testPoll","avgt",1,3,66729.509862,14047.430762,"ns/op",30000
"customqueuev2.CustomQueueBenchmark.testPoll","avgt",1,3,89113.614749,75834.694094,"ns/op",40000
"customqueuev2.CustomQueueBenchmark.testPoll","avgt",1,3,115280.597427,190133.633160,"ns/op",50000
"customqueuev2.CustomQueueBenchmark.testPoll","avgt",1,3,147800.818515,207091.869235,"ns/op",60000
"customqueuev2.CustomQueueBenchmark.testPoll","avgt",1,3,173975.159901,242611.391656,"ns/op",70000
"customqueuev2.CustomQueueBenchmark.testPoll","avgt",1,3,207693.215424,105289.361601,"ns/op",80000
"customqueuev2.CustomQueueBenchmark.testPoll","avgt",1,3,235364.731134,112851.365580,"ns/op",90000
"customqueuev2.CustomQueueBenchmark.testPoll","avgt",1,3,278233.552325,85800.964240,"ns/op",100000
"customqueuev2.CustomQueueBenchmark.testRemoveAll","avgt",1,3,77729.732639,1648.541788,"ns/op",10000
"customqueuev2.CustomQueueBenchmark.testRemoveAll","avgt",1,3,161306.607707,7066.238018,"ns/op",20000
"customqueuev2.CustomQueueBenchmark.testRemoveAll","avgt",1,3,230818.440994,20713.325701,"ns/op",30000
"customqueuev2.CustomQueueBenchmark.testRemoveAll","avgt",1,3,312836.995762,13924.717496,"ns/op",40000
"customqueuev2.CustomQueueBenchmark.testRemoveAll","avgt",1,3,382320.139597,126659.688410,"ns/op",50000
"customqueuev2.CustomQueueBenchmark.testRemoveAll","avgt",1,3,485980.167159,92199.373929,"ns/op",60000
"customqueuev2.CustomQueueBenchmark.testRemoveAll","avgt",1,3,552154.108240,117046.354061,"ns/op",70000
"customqueuev2.CustomQueueBenchmark.testRemoveAll","avgt",1,3,671658.560786,211556.734594,"ns/op",80000
"customqueuev2.CustomQueueBenchmark.testRemoveAll","avgt",1,3,715039.170670,182411.879438,"ns/op",90000
"customqueuev2.CustomQueueBenchmark.testRemoveAll","avgt",1,3,797392.152559,297173.658903,"ns/op",100000
"customqueuev2.CustomQueueBenchmark.testRemoveHead","avgt",1,3,22541.796027,7618.376874,"ns/op",10000
"customqueuev2.CustomQueueBenchmark.testRemoveHead","avgt",1,3,44513.296437,6922.460301,"ns/op",20000
"customqueuev2.CustomQueueBenchmark.testRemoveHead","avgt",1,3,66149.074664,10952.968597,"ns/op",30000
"customqueuev2.CustomQueueBenchmark.testRemoveHead","avgt",1,3,91267.177235,70184.214140,"ns/op",40000
"customqueuev2.CustomQueueBenchmark.testRemoveHead","avgt",1,3,117854.920032,205153.223911,"ns/op",50000
"customqueuev2.CustomQueueBenchmark.testRemoveHead","avgt",1,3,146170.679389,200011.952304,"ns/op",60000
"customqueuev2.CustomQueueBenchmark.testRemoveHead","avgt",1,3,177150.526201,321189.057658,"ns/op",70000
"customqueuev2.CustomQueueBenchmark.testRemoveHead","avgt",1,3,209785.310944,49376.936119,"ns/op",80000
"customqueuev2.CustomQueueBenchmark.testRemoveHead","avgt",1,3,236730.139048,61644.969587,"ns/op",90000
"customqueuev2.CustomQueueBenchmark.testRemoveHead","avgt",1,3,266319.508230,80318.566332,"ns/op",100000
"customqueuev2.CustomQueueBenchmark.testRemoveObject","avgt",1,3,33797.109488,625.735303,"ns/op",10000
"customqueuev2.CustomQueueBenchmark.testRemoveObject","avgt",1,3,66738.423093,33141.072345,"ns/op",20000
"customqueuev2.CustomQueueBenchmark.testRemoveObject","avgt",1,3,98753.814231,47961.068607,"ns/op",30000
"customqueuev2.CustomQueueBenchmark.testRemoveObject","avgt",1,3,131614.491800,25189.183587,"ns/op",40000
"customqueuev2.CustomQueueBenchmark.testRemoveObject","avgt",1,3,165732.816287,40607.286522,"ns/op",50000
"customqueuev2.CustomQueueBenchmark.testRemoveObject","avgt",1,3,199636.231807,24737.395238,"ns/op",60000
"customqueuev2.CustomQueueBenchmark.testRemoveObject","avgt",1,3,232883.309737,19833.467604,"ns/op",70000
"customqueuev2.CustomQueueBenchmark.testRemoveObject","avgt",1,3,270705.411071,91371.398845,"ns/op",80000
"customqueuev2.CustomQueueBenchmark.testRemoveObject","avgt",1,3,305710.583741,117195.981977,"ns/op",90000
"customqueuev2.CustomQueueBenchmark.testRemoveObject","avgt",1,3,341673.719883,186907.457641,"ns/op",100000
"customqueuev2.CustomQueueBenchmark.testRetainAll","avgt",1,3,80570.961144,6636.604603,"ns/op",10000
"customqueuev2.CustomQueueBenchmark.testRetainAll","avgt",1,3,162073.740071,40142.516653,"ns/op",20000
"customqueuev2.CustomQueueBenchmark.testRetainAll","avgt",1,3,244961.350970,42039.703560,"ns/op",30000
"customqueuev2.CustomQueueBenchmark.testRetainAll","avgt",1,3,326360.886165,131783.601269,"ns/op",40000
"customqueuev2.CustomQueueBenchmark.testRetainAll","avgt",1,3,402535.928506,108040.952971,"ns/op",50000
"customqueuev2.CustomQueueBenchmark.testRetainAll","avgt",1,3,496351.720022,18736.650968,"ns/op",60000
"customqueuev2.CustomQueueBenchmark.testRetainAll","avgt",1,3,570111.146892,174557.377632,"ns/op",70000
"customqueuev2.CustomQueueBenchmark.testRetainAll","avgt",1,3,661193.902645,415142.062923,"ns/op",80000
"customqueuev2.CustomQueueBenchmark.testRetainAll","avgt",1,3,738956.359933,88486.674309,"ns/op",90000
"customqueuev2.CustomQueueBenchmark.testRetainAll","avgt",1,3,818605.141854,248432.633359,"ns/op",100000
"customqueuev2.CustomQueueBenchmark.testSize","avgt",1,3,22.952871,171.120122,"ns/op",10000
"customqueuev2.CustomQueueBenchmark.testSize","avgt",1,3,31.480655,8.632691,"ns/op",20000
"customqueuev2.CustomQueueBenchmark.testSize","avgt",1,3,30.687799,17.196379,"ns/op",30000
"customqueuev2.CustomQueueBenchmark.testSize","avgt",1,3,30.101010,9.463878,"ns/op",40000
"customqueuev2.CustomQueueBenchmark.testSize","avgt",1,3,29.952886,17.699765,"ns/op",50000
"customqueuev2.CustomQueueBenchmark.testSize","avgt",1,3,32.094831,116.745128,"ns/op",60000
"customqueuev2.CustomQueueBenchmark.testSize","avgt",1,3,33.108995,113.800404,"ns/op",70000
"customqueuev2.CustomQueueBenchmark.testSize","avgt",1,3,34.280732,128.546055,"ns/op",80000
"customqueuev2.CustomQueueBenchmark.testSize","avgt",1,3,32.039787,126.575883,"ns/op",90000
"customqueuev2.CustomQueueBenchmark.testSize","avgt",1,3,32.866813,148.311444,"ns/op",100000
"customqueuev2.CustomQueueBenchmark.testToArray","avgt",1,3,12478.667202,1671.285458,"ns/op",10000
"customqueuev2.CustomQueueBenchmark.testToArray","avgt",1,3,25056.833184,4333.333117,"ns/op",20000
"customqueuev2.CustomQueueBenchmark.testToArray","avgt",1,3,37956.275815,2979.593957,"ns/op",30000
"customqueuev2.CustomQueueBenchmark.testToArray","avgt",1,3,50205.534063,5293.692301,"ns/op",40000
"customqueuev2.CustomQueueBenchmark.testToArray","avgt",1,3,61998.819030,13459.301250,"ns/op",50000
"customqueuev2.CustomQueueBenchmark.testToArray","avgt",1,3,76711.672358,6337.519661,"ns/op",60000
"customqueuev2.CustomQueueBenchmark.testToArray","avgt",1,3,88366.501588,28823.791639,"ns/op",70000
"customqueuev2.CustomQueueBenchmark.testToArray","avgt",1,3,102626.874055,32051.107122,"ns/op",80000
"customqueuev2.CustomQueueBenchmark.testToArray","avgt",1,3,117379.612125,44925.799954,"ns/op",90000
"customqueuev2.CustomQueueBenchmark.testToArray","avgt",1,3,131813.199060,32530.019680,"ns/op",100000
"customqueuev2.CustomQueueBenchmark.testToArrayWithType","avgt",1,3,13984.944139,4474.020717,"ns/op",10000
"customqueuev2.CustomQueueBenchmark.testToArrayWithType","avgt",1,3,28570.257050,6164.581106,"ns/op",20000
"customqueuev2.CustomQueueBenchmark.testToArrayWithType","avgt",1,3,42452.957903,1260.393954,"ns/op",30000
"customqueuev2.CustomQueueBenchmark.testToArrayWithType","avgt",1,3,57358.168415,14929.002218,"ns/op",40000
"customqueuev2.CustomQueueBenchmark.testToArrayWithType","avgt",1,3,69183.710356,31521.112192,"ns/op",50000
"customqueuev2.CustomQueueBenchmark.testToArrayWithType","avgt",1,3,85517.485167,60591.415854,"ns/op",60000
"customqueuev2.CustomQueueBenchmark.testToArrayWithType","avgt",1,3,103617.866525,5548.696406,"ns/op",70000
"customqueuev2.CustomQueueBenchmark.testToArrayWithType","avgt",1,3,133908.399551,369006.283071,"ns/op",80000
"customqueuev2.CustomQueueBenchmark.testToArrayWithType","avgt",1,3,154400.378560,396736.143829,"ns/op",90000
"customqueuev2.CustomQueueBenchmark.testToArrayWithType","avgt",1,3,146573.137764,19193.093204,"ns/op",100000
"customqueuev2.CustomQueueBenchmark.testToString","avgt",1,3,160488.774904,26401.454675,"ns/op",10000
"customqueuev2.CustomQueueBenchmark.testToString","avgt",1,3,352900.024967,47879.186286,"ns/op",20000
"customqueuev2.CustomQueueBenchmark.testToString","avgt",1,3,501056.263648,66793.057042,"ns/op",30000
"customqueuev2.CustomQueueBenchmark.testToString","avgt",1,3,657458.348128,74953.654528,"ns/op",40000
"customqueuev2.CustomQueueBenchmark.testToString","avgt",1,3,812437.194559,236796.518568,"ns/op",50000
"customqueuev2.CustomQueueBenchmark.testToString","avgt",1,3,1039600.971730,521687.315006,"ns/op",60000
"customqueuev2.CustomQueueBenchmark.testToString","avgt",1,3,1180541.547538,755062.875863,"ns/op",70000
"customqueuev2.CustomQueueBenchmark.testToString","avgt",1,3,1374994.044965,177217.525706,"ns/op",80000
"customqueuev2.CustomQueueBenchmark.testToString","avgt",1,3,1467670.163468,561775.257836,"ns/op",90000
"customqueuev2.CustomQueueBenchmark.testToString","avgt",1,3,1605070.838685,591983.499174,"ns/op",100000
